<?xml version="1.0" encoding="utf-8" ?>
<odoo>
    <record model="ir.module.category" id="customer_accesss">
        <field name="name">Customer Type</field>
    </record>

    <record id="group_user" model="res.groups">
        <field name="name">User Group</field>
        <field name="category_id" ref="customer_accesss"/>
    </record>

    <record id="group_manager" model="res.groups">
        <field name="name">Manager</field>
        <field name="category_id" ref="customer_accesss"/>
    </record>
</odoo>